summary,sentiment,keywords
" Uber is now offering Waymo autonomous rideshare services in a second market, adding Atlanta in June . The company is positioning itself as a long-term winner, offering a massive customer list to partners who spend billions necessary to perfect self-driving technology .  In June, Uber began offering self-driving rides in Atlanta using Alphabet's Waymo service . Uber is the only way to book Waymo rides across a 65-square-mile stretch of the city . This is the second market where the two companies have partnered .  The Motley Fool Stock Advisoranalyst team identified what they believe are the10 best stocksfor investors to buy now . Uber Technologies wasn’t one of them . The 10 stocks that made the cut could produce monster returns in the coming years .  Suzanne Frey, an executive at Alphabet, is a member of The Motley Fool's board of directors . She and Lou Whiteman both own Uber Technologies .",neutral,"uber, companies, motley, stocks, investors"
" Each week our analysts hand pick their favourite Narratives from the community (what is a Narrative?). This week’s picks cover: WhySuncorp’�sinsurance-only pivot gives it room to grow revenues . WhyThyssenkrupp Nuceracan leverage its unique position for green hydrogen adoption . WhyTeslais reaching an AI and robotics inflection point .  It turns the mainstream Tesla bear narrative on its head with a sharp, well-reasoned case for re-rating it as an AI and robotics platform . The parallels to Nvidia’s transformation are compelling, and the author backs it up with product-level traction, forward catalysts .  These narratives are general in nature and explore scenarios and estimates created by the authors . The fair value estimate’s are estimations only, and do not constitute a recommendation to buy or sell any stock . Author Michael Paige and Simply Wall St have no position in any of the companies mentioned .  We aim to bring you long-term focused analysis driven by fundamental data . Our analysis may not factor in the latest price-sensitive company announcements or qualitative material .",neutral,"whysuncorp, analysts, tesla, companies, stock"
" According to most demand projections, electric vehicle (EV) stockshave a bright future . Tesla's capital advantage is undeniable . There's one opportunity in particular that could create significant value . It's not easy to start an electric car manufacturing business .  Tesla has an enviable capital advantage because it can raise new capital at any time . Lucid and Rivian remain unprofitable, but Tesla has been profitable nearly every quarter for the past five years . Tesla can raise $25 billion in fresh cash by diluting existing shareholders by just 2.5% .  Elon Musk recently launched a robotaxi service in Austin, Texas, powered by semi-autonomous Tesla vehicles . Eventually, Tesla intends to produce Cybercabs: EV designed specifically for autonomous taxi services . Cathie Wood, CEO of Ark Invest, thinks 90% of Tesla's market cap will eventually be attributed to its robotxi division .  The robotaxi opportunity alone could add $1 trillion to Tesla's market cap by the end of 2026 . That suggests more than 100% in near-term upside, with plenty of runway in the years to come .  Now is the best time to buy before it’s too late for investors . Nvidia, Apple, Netflix and Netflix are all receiving ""Double Down"" alerts . There may not be another chance like this anytime soon .  Tesla stock could set you up for lifewewas originally published by The Motley Fool . Tesla is one of the fastest-growing companies in the world .",positive,"tesla, ev, robotaxi, invest, profitable"
" Tesla TSLA has been a polarizing stock over the last decade, delivering massive gains for investors . In 2025, shares have been volatile, down 25% overall with big price swings . Tesla reported Q1 revenue of $19.3 billion and adjusted EPS of $0.27 in its latest release .  Tesla delivered roughly 337k EVs and produced nearly 363k throughout the period . Sales climbed 67% year-over-year to $2.7 billion . The company’s gross margin contracted to 16.3% vs. a 17.4% print in the same period last year .  Rivian has 100% US vehicle manufacturing and sources most materials (excluding cells) in the US . The company revised its current-year guidance concerning vehicle deliveries as a result, now expecting FY25 deliveries in a range of 40-60k . The earnings outlook for Rivian remains bullish, with the current Zacks Consensus EPS estimate of -$2.49 up 14% .  Rivian RIVN shares have been much stronger in 2025, with the company’s EPS outlook much more favorable . Tesla's current Zacks Rank #5 (Strong Sell) rating, investors would be better off waiting on positive EPS revisions .",negative,"tesla, earnings, stock, shares, rivian"
" At TechCrunch All Stage 2025on July 15 in Boston, Jon McNeill, CEO and co-founder of DVx Ventures, former president of Tesla and COO of Lyft, will take the Scale Stageto flip the script on conventional startup growth advice . Now is the perfect time to lock in your attendance, with Founder Passes now available for $155 and Investor Passes coming in at $250 .  TechCrunch All Stagetakes over Boston’s SoWa Power Station on July 15 . TechCrunch summit is built for scaling, packed with tactical takeaways, real conversations with investors and builders .  Passes. Passes . Passes in the U.S. have been approved by Congress. Passersby. Passengers. Pass. Pass .",neutral,"techcrunch, tesla, dvx, passes, pass"
" Tesla stock fell Tuesday in conjunction with multiple bearish catalysts . Elon Musk's feud with Trump was a factor in the sell-off, but concerns about vehicle shipments could have been a bigger factor . Tesla has plenty of long-term growth opportunities, but its near-term outlook seems challenging .  Tesla stock is now down 13% over the last month and roughly 26% across 2025's trading . The U.S. Senate passed President Trump's tax and budget bill without a provision that would have limited the ability of states to craft their own artificial intelligence (AI) regulations .  Nvidia, Apple, Netflix and Netflix are all about to pop . Nvidia is one of the most successful companies in the U.S. market . Netflix and Nvidia are among the top three companies you can invest in .  Tesla Sank Today -- Is the Stock a Buy Right Now? Is Tesla a Buy right now? Is it a Buy? Share your opinion? Share it now .",negative,"tesla, stock, invest, trading, market"
" Ether (ETH) price fell to $2,418.39 on July 1 after a day of steady losses . The downturn follows a high-profile dispute between Elon Musk and Donald Trump over the former president’s tax-and-spending plan .  SharpLink Gaming (Nasdaq: SBET) acquired an additional 9,468 ETH — worth $22.8 million — between June 23 and June 27 . This brings its total ETH holdings to 198,167, reinforcing its position as the world’s largest publicly traded holder of ETH .  BitMine has disclosed a $250 million private placement to fund an ETH treasury strategy . The deal, expected to close by July 3, includes major backers such as Pantera, Founders Fund, Galaxy Digital, Kraken, and DCG . ETH declined 3.3% over the past 24 hours, falling from $2,500.88 to $2.418.39 .  ETH briefly dipped to $2,404.47 amid the session’s highest volume of 379,855. steepest decline occurred during the 14:00 UTC hour . Bearish trend structure remains intact, with lower highs and lower lows and no clear volume-based reversal indicators .",negative,"eth, ether, bitmine, treasury, nasdaq"
" Stanford millionaire has a blunt response to 'national bankruptcy' Balaji Srinivasan has commented on the escalating feud between President Donald Trump and Tesla CEO Elon Musk . He claims there is ""real debt"" in excess of $175 trillion .  Srinivasan has a Ph.D. in Electrical Engineering and an MS in Chemical Engineering . After teaching at Stanford, he co-founded Earn.com, which Coinbase acquired and made him CTO . Musk shared that Bitcoin could potentially ""take over"" as a hedge against weakening dollar .  Vice President JD Vance cast the decisive tie-breaking vote in the Senate to pass the One Big Beautiful Bill . At press time, Bitcoin was hovering around $106,000, asper Kraken, slightly down amid fiscal anxiety .",neutral,"millionaire, ceo, coinbase, trillion, debt"
" Uber is now offering Waymo autonomous rideshare services in a second market, adding Atlanta in June . The company is positioning itself as a long-term winner, offering a massive customer list to partners who spend billions necessary to perfect self-driving technology .  In June, Uber began offering self-driving rides in Atlanta using Alphabet's Waymo service . Uber is the only way to book Waymo rides across a 65-square-mile stretch of the city . This is the second market where the two companies have partnered .  The Motley Fool Stock Advisoranalyst team identified what they believe are the10 best stocksfor investors to buy now . Uber Technologies wasn’t one of them . The 10 stocks that made the cut could produce monster returns in the coming years .  Suzanne Frey, an executive at Alphabet, is a member of The Motley Fool's board of directors . She and Lou Whiteman both own Uber Technologies .",neutral,"uber, companies, motley, stocks, investors"
" Each week our analysts hand pick their favourite Narratives from the community (what is a Narrative?). This week’s picks cover: WhySuncorp’�sinsurance-only pivot gives it room to grow revenues . WhyThyssenkrupp Nuceracan leverage its unique position for green hydrogen adoption . WhyTeslais reaching an AI and robotics inflection point .  It turns the mainstream Tesla bear narrative on its head with a sharp, well-reasoned case for re-rating it as an AI and robotics platform . The parallels to Nvidia’s transformation are compelling, and the author backs it up with product-level traction, forward catalysts .  These narratives are general in nature and explore scenarios and estimates created by the authors . The fair value estimate’s are estimations only, and do not constitute a recommendation to buy or sell any stock . Author Michael Paige and Simply Wall St have no position in any of the companies mentioned .  We aim to bring you long-term focused analysis driven by fundamental data . Our analysis may not factor in the latest price-sensitive company announcements or qualitative material .",neutral,"whysuncorp, analysts, tesla, companies, stock"
" According to most demand projections, electric vehicle (EV) stockshave a bright future . Tesla's capital advantage is undeniable . There's one opportunity in particular that could create significant value . It's not easy to start an electric car manufacturing business .  Tesla has an enviable capital advantage because it can raise new capital at any time . Lucid and Rivian remain unprofitable, but Tesla has been profitable nearly every quarter for the past five years . Tesla can raise $25 billion in fresh cash by diluting existing shareholders by just 2.5% .  Elon Musk recently launched a robotaxi service in Austin, Texas, powered by semi-autonomous Tesla vehicles . Eventually, Tesla intends to produce Cybercabs: EV designed specifically for autonomous taxi services . Cathie Wood, CEO of Ark Invest, thinks 90% of Tesla's market cap will eventually be attributed to its robotxi division .  The robotaxi opportunity alone could add $1 trillion to Tesla's market cap by the end of 2026 . That suggests more than 100% in near-term upside, with plenty of runway in the years to come .  Now is the best time to buy before it’s too late for investors . Nvidia, Apple, Netflix and Netflix are all receiving ""Double Down"" alerts . There may not be another chance like this anytime soon .  Tesla stock could set you up for lifewewas originally published by The Motley Fool . Tesla is one of the fastest-growing companies in the world .",positive,"tesla, ev, robotaxi, invest, profitable"
" Tesla TSLA has been a polarizing stock over the last decade, delivering massive gains for investors . In 2025, shares have been volatile, down 25% overall with big price swings . Tesla reported Q1 revenue of $19.3 billion and adjusted EPS of $0.27 in its latest release .  Tesla delivered roughly 337k EVs and produced nearly 363k throughout the period . Sales climbed 67% year-over-year to $2.7 billion . The company’s gross margin contracted to 16.3% vs. a 17.4% print in the same period last year .  Rivian has 100% US vehicle manufacturing and sources most materials (excluding cells) in the US . The company revised its current-year guidance concerning vehicle deliveries as a result, now expecting FY25 deliveries in a range of 40-60k . The earnings outlook for Rivian remains bullish, with the current Zacks Consensus EPS estimate of -$2.49 up 14% .  Rivian RIVN shares have been much stronger in 2025, with the company’s EPS outlook much more favorable . Tesla's current Zacks Rank #5 (Strong Sell) rating, investors would be better off waiting on positive EPS revisions .",negative,"tesla, earnings, stock, shares, rivian"
" At TechCrunch All Stage 2025on July 15 in Boston, Jon McNeill, CEO and co-founder of DVx Ventures, former president of Tesla and COO of Lyft, will take the Scale Stageto flip the script on conventional startup growth advice . Now is the perfect time to lock in your attendance, with Founder Passes now available for $155 and Investor Passes coming in at $250 .  TechCrunch All Stagetakes over Boston’s SoWa Power Station on July 15 . TechCrunch summit is built for scaling, packed with tactical takeaways, real conversations with investors and builders .  Passes. Passes . Passes in the U.S. have been approved by Congress. Passersby. Passengers. Pass. Pass .",neutral,"techcrunch, tesla, dvx, passes, pass"
" Tesla stock fell Tuesday in conjunction with multiple bearish catalysts . Elon Musk's feud with Trump was a factor in the sell-off, but concerns about vehicle shipments could have been a bigger factor . Tesla has plenty of long-term growth opportunities, but its near-term outlook seems challenging .  Tesla stock is now down 13% over the last month and roughly 26% across 2025's trading . The U.S. Senate passed President Trump's tax and budget bill without a provision that would have limited the ability of states to craft their own artificial intelligence (AI) regulations .  Nvidia, Apple, Netflix and Netflix are all about to pop . Nvidia is one of the most successful companies in the U.S. market . Netflix and Nvidia are among the top three companies you can invest in .  Tesla Sank Today -- Is the Stock a Buy Right Now? Is Tesla a Buy right now? Is it a Buy? Share your opinion? Share it now .",negative,"tesla, stock, invest, trading, market"
" Ether (ETH) price fell to $2,418.39 on July 1 after a day of steady losses . The downturn follows a high-profile dispute between Elon Musk and Donald Trump over the former president’s tax-and-spending plan .  SharpLink Gaming (Nasdaq: SBET) acquired an additional 9,468 ETH — worth $22.8 million — between June 23 and June 27 . This brings its total ETH holdings to 198,167, reinforcing its position as the world’s largest publicly traded holder of ETH .  BitMine has disclosed a $250 million private placement to fund an ETH treasury strategy . The deal, expected to close by July 3, includes major backers such as Pantera, Founders Fund, Galaxy Digital, Kraken, and DCG . ETH declined 3.3% over the past 24 hours, falling from $2,500.88 to $2.418.39 .  ETH briefly dipped to $2,404.47 amid the session’s highest volume of 379,855. steepest decline occurred during the 14:00 UTC hour . Bearish trend structure remains intact, with lower highs and lower lows and no clear volume-based reversal indicators .",negative,"eth, ether, bitmine, treasury, nasdaq"
" Stanford millionaire has a blunt response to 'national bankruptcy' Balaji Srinivasan has commented on the escalating feud between President Donald Trump and Tesla CEO Elon Musk . He claims there is ""real debt"" in excess of $175 trillion .  Srinivasan has a Ph.D. in Electrical Engineering and an MS in Chemical Engineering . After teaching at Stanford, he co-founded Earn.com, which Coinbase acquired and made him CTO . Musk shared that Bitcoin could potentially ""take over"" as a hedge against weakening dollar .  Vice President JD Vance cast the decisive tie-breaking vote in the Senate to pass the One Big Beautiful Bill . At press time, Bitcoin was hovering around $106,000, asper Kraken, slightly down amid fiscal anxiety .",neutral,"millionaire, ceo, coinbase, trillion, debt"
