url,content,date
https://finance.yahoo.com/news/everyone-tech-opinion-soham-parekh-224107808.html,"You got into Y Combinator, raised $20 million from a16z, and then exited to Meta? That’s cool, I guess. But did Soham Parekh apply to work at your startup? There is now a new badge of honor for startup founders: your proximity to one previously unknown Indian software engineer named Soham Parekh. The Anna Delvey of Silicon Valley was outed on Wednesday when former Mixpanel CEO Suhail Doshi posted on X to warn fellow founders about Parekh. “PSA: there’s a guy named Soham Parekh (in India) who works at 3-4 startups at the same time. He’s been preying on YC companies and more. Beware,” Doshiwrote. “I fired this guy in his first week and told him to stop lying/scamming people. He hasn’t stopped a year later.” Now, the post has over 20 million views, with founders and investors from across the tech industry weighing in. And beforeAndy Jassy asks— could this have all been avoided if more companies returned to the office? No, some people are just bad managers. According to Doshi, at least three founders have reached out to say that they had fired or were currently employing Parekh. In the age of subreddit communities liker/overemployed, where members talk about how to get away with working multiple remote jobs at once, this revelation isn’t all that surprising. What’s more interesting is how widely the responses to his actions vary (to be fair, no one ever said that the tech industry was known for its moral fiber). To some in the tech community, Parekh has the makings of a folk hero, deceiving well-funded startups and sticking it to the man. To others, he’s an immoral liar who screwed over startups and took jobs away from people who actually would have given their all. Many are impressed by how he managed to get through so many notoriously competitive interview processes, while others think he should parlay his 15 minutes of fame into founding his own startup. “If Soham immediately comes clean and says he was working to train an AI agent for knowledge work, he raises at $100M pre by the weekend,” Box CEO Aaron Leviewroteon X. Chris Bakke — the founder of Laskie, a job-matching platform acquired by X — thinks that Soham should embrace his reputation. “Soham Parekh needs to start an interview prep company. He’s clearly one of the greatest interviewers of all time,” Bakke wrote. “He should publicly acknowledge that he did something bad and course correct to the thing he’s top 1% at.” Meanwhile, Y Combinator CEO Garry Tan took the opportunity to pat himself on the back. “Without the YC community this guy would still be operating and would have maybe never been caught,” Tan wrote. “The startup guild of YC is a necessary invention to help founders be more successful than they would be alone.” Why did he do it? Parekh says that this wasn’t part of some grand plan — he claims he had no plan at all, and he was trying to make a lot of money very quickly to get himself out of a bad financial situation. “I really did not think this through,” Parekh said in a live interview withTBPN. “It was an action that was done more out of desperation.” Parekh did not address Doshi’s allegation that the bulk of his resume was fake. “What’s also funny is, you know, some of the memes,” he said. “I’m very new to Twitter. I joined Twitter yesterday, so this was a lesson for me in social media in general.” (Twitter has long been known as X, of course.) You don’t have to hand it to him, but he’s a pretty good poster for someone who’s been on the platform for a day. One of his few posts was a response to LinkedIn co-founder Reid Hoffman, who asked what people think Parekh’s LinkedIn header would be. “I don’t have a LinkedIn,” Parekhreplied. For what it’s worth, his X header is on the money, even if he won’t bother with LinkedIn. It’s thememeof Flynn Rider from the Disney movie “Tangled” — a smug-looking guy about to state a controversial opinion, surrounded by knives on all sides.",2025-07-05
https://finance.yahoo.com/news/metas-momentum-hits-capex-hurdle-214108430.html,"Needham has liftedMeta (NASDAQ:META) Platforms to a hold from underperform, balancing strong top-line and margin forecasts against rising costs and heavy capital spending. Analyst Laura Martin shifted Meta's rating after noting that improving labor productivity is slowingheadcount and cost per full-time employee are climbing, which dampens share gains. Warning! GuruFocus has detected 6 Warning Sign with META. Still, Needham expects Meta to outpace its own targets, forecasting 14% revenue growth and 6% EPS growth in fiscal 2025. The firm stopped short of a buy call because Meta's CapEx is set to surge: Needham projects $68 billion in FY25, up 84% year-over-yearthe steepest increase among hyperscalers. Meanwhile, rivals like Google (NASDAQ:GOOG), Amazon (NASDAQ:AMZN) and Microsoft (NASDAQ:MSFT) own scalable cloud assets, giving them a structural cost edge. As Meta stock rallies about 22% year-to-datewell ahead of the S&P 500's roughly 6% gaina hold rating signals caution. Heavy spending on AI infrastructure raises questions about return on invested capital, and the company still faces heightened regulatory scrutiny over privacy, antitrust and content moderation. Needham's neutral stance underscores a trade-off: Meta's growth outlook remains solid, but swelling budgets and cost disadvantages argue for patience over buying. This article first appeared onGuruFocus.",2025-07-05
https://finance.yahoo.com/news/microsoft-slashes-9-000-jobs-213118282.html,"Benzinga and Yahoo Finance LLC may earn commission or revenue on some items through the links below. Microsoft Corp.(NASDAQ:MSFT)cut 9,000 jobs in its second 2025 layoff roundwhileMeta Platforms Inc.(NASDAQ:META) andOpenAIignite a talent war with compensation packages reaching $20 million annually, creating stark contrasts in Silicon Valley’s artificial intelligence landscape. What Happened: The layoffs affect less than 4% of Microsoft’s workforce across diverse teams and regions as the company maintains cost controls whileinvesting $80 billion in AI data centersthis fiscal year. Microsoft’s gaming division, including Candy Crush parent King, eliminated 200 positions, marking the company’s continued workforce reduction following 6,000 cuts in May. Don’t Miss: Tired of Grid Failures and Charging Deserts? This Startup Has a Solar Fix and $25M+ in Sales —Now Raising at $3/Share Invest early in CancerVax's breakthrough tech aiming to disrupt a $231B market.Back a bold new approach to cancer treatment with high-growth potential. Meanwhile, Meta’s aggressive talent acquisition has sparked unprecedented compensation inflation.Deedy Das, an AI investor atMenlo Ventures, told Business Insider that three machine-learning engineers at OpenAI and Anthropic received offers between $8 million and $20 million annually from Meta. “There’s a ton of ripple effects I’m hearing in the Valley,” Das said, describing widespread “jealousy, envy, and helplessness” among tech workers not receiving such packages. The bidding war intensified after Meta recruitedScaleCEOAlexandr Wangin a $14.3 billion deal and poached six star researchers from OpenAI for its new Meta Superintelligence Labs. OpenAI CEOSam Altmanclaimed Meta offered $100 million signing bonuses, though Meta CTOAndrew Bosworthdismissed these claims as dishonest during a company meeting. Why It Matters:Roy Bahatof Bloomberg Beta noted the talent shortage drives extreme valuations, with only approximately 2,000 researchers capable of building foundational AI models globally. “In my 20 years in tech, I have never seen as clearly defined a market for extraordinary talent,” Bahat said. The competition extends to universities, where companies pressure Ph.D. interns to abandon studies. “They’re pressuring them to drop out of school,” saidBill Auletof MIT’s Martin Trust Center for Entrepreneurship. Companies argue AI advances are happening so rapidly that graduation delays could cost career-defining opportunities. Microsoft’sthird quarter revenue of $70.07 billion, up 13% year-over-year, and Azure’s 33% growth demonstrate continued AI demand despite workforce reductions. Read Next: $100k+ in investable assets?Match with a fiduciary advisor for free to learn how you can maximize your retirement and save on taxes– no cost, no obligation. Warren Buffett once said, ""If you don't find a way to make money while you sleep, you will work until you die.""Here’s how you can earn passive income with just $100. Photo courtesy: Tada Images / Shutterstock.coma This articleMicrosoft Slashes 9,000 Jobs While Mark Zuckerberg's Meta Poaches $20 Million Worth Of AI Talent From OpenAI: Investor Warns Of 'Jealousy, Envy, And Helplessness' Among Tech Workers In Silicon Valleyoriginally appeared onBenzinga.com",2025-07-05
https://finance.yahoo.com/news/veteran-fund-manager-makes-bold-205034775.html,"Veteran fund manager makes bold move on Apple, Marvelloriginally appeared onTheStreet. Chris Versace wants to start off the holiday weekend with a blast. The lead portfolio manager for TheStreet Pro Portfoliogave readers an updateon chipmaker Marvell Technology(MRVL)and computer giant Apple(AAPL). 💵💰Don't miss the move: Subscribe to TheStreet's free daily newsletter💰 Versace said Marvell shares moved lower, following a report from The Information that said Microsoft(MSFT)intends to release its most powerful in-house AI chips in 2028 or beyond as it focuses on chips it can better develop in the interim. The report also suggested Microsoft has pushed back the release of its Maia 200 chipset to 2026 from 2025, he said. ""The move lower in MRVL shares reflects that pushout, but while Microsoft is a custom AI silicon partner for Marvell, so too are Amazon(AMZN)and Meta(META), and as we learned at the company’s recent event, multiple up-and-coming hyperscalers as well,"" he said. Marvell hosted a ""Custom AI"" Investor Event on June 17 in New York where the company boosted its total available market to $94 billion by 2028, up 25% higher than the $75 billion by 2028 it outlined this time last year Following the pronounced run in Marvell shares, Versace said, ""the same one that led us to bank some of that big move, we are not surprised that The Information’s report dinged Marvell shares."" More Tech Stocks: Amazon tries to make AI great again (or maybe for the first time) Veteran portfolio manager raises eyebrows with latest Meta Platforms move Google plans major AI shift after Meta’s surprising $14 billion move ""For us, the larger story is very much intact,"" he said. ""While the Portfolio has a full position, if the shares pulled back a bit further to the $70 level, that would fill a modest gap in the chart, and be a nice pick-up point given our $115 target."" Marvell is slated to report second quarter results next month. Shares are down 32% this year. Last month, B. Riley raised the firm's price target on Marvell to $115 from $110 and kept a buy rating on the shares following the company's custom AI investor webcast, according to The Fly. The firm said that it believes the update shows a ""strong"" next-generation AI growth inflection for Marvell. Turning to Apple, Versace noted that the computer giant's shares have been climbing recently, which is likely due to reports the company is weighing the benefits of using AI technology from Anthropic or OpenAI to power its long-awaited upgrade to Siri, rather than leaning on in-house solutions. Apple has had discussions with both companies about using their large language models for Siri, asking them to train versions that could run on Apple’s cloud infrastructure for testing,Bloomberg reported, citing people familiar with the discussions. In March, Apple said AI improvements to its voice assistant Siri will be delayed until 2026, without giving a reason for the setback. Apple shook up its executive ranks to get its AI efforts back on track after months of delays, with Mike Rockwell taking charge of Siri, as CEO Tim Cook lost confidence in AI head John Giannandrea’s ability to execute on product development, Bloomberg reported at the time. ""We will want to see how this plays out, but should Apple decide to use one of those, it would likely accelerate the delivery of a more useful and smarter Siri,"" Versace said. ""That would potentially charge up the iPhone upgrade cycle to newer models, a nice revenue driver for Apple."" Related: Apple could make big change to Siri, delight fans Apple is scheduled to report third quarter results on July 31 and Versace said that, while the company is normally tight-lipped on its earnings calls, ""odds are we will get some questions about this during the Q&A on its June quarter conference call."" ""We will be listening to see what is said,"" he said. Separately, Jefferies analyst Edison Lee upgraded Apple to hold from underperform with a price target of $188.32, up from $170.62. Counterpoint reported global iPhone's sales volume in April plus May was up 15% year-over-year, marking the strongest growth since Q3 of 2021. Tariff-driven pull-in demand and share recovery in China could drive June quarter revenue and EPS growth of about 8% and 10%, respectively, which would be roughly 5% and 9%, respectively, greater than consensus and greater than Apple's low-single digit revenue growth guidance, the analyst added while previewing fiscal Q3 results. While the market's benign view on tariffs is ""likely overly optimistic,"" and Apple's service revenue has downside potential, Lee said, good Q3 results ""could keep the stock stable"" near-term. Meanwhile, Versace is tracking President Donald Trump's Big Beautiful Bill and the July 9 tariff deadline. ""While we would like to see some of those uncertainties removed, the details for both will matter,"" he said. ""Once we know them, we’ll be better able to plot our moves."" Related: Fund-management veteran skips emotion in investment strategy Veteran fund manager makes bold move on Apple, Marvellfirst appeared on TheStreet on Jul 3, 2025 This story was originally reported byTheStreeton Jul 3, 2025, where it first appeared.",2025-07-04
https://finance.yahoo.com/news/won-lost-trump-tax-bill-160000787.html,"(Bloomberg) -- Business investors and wealthy Americans are among the biggest winners in President Donald Trump’s tax bill. Those hit the hardest by the sweeping package include elite universities, who face new levies, and immigrants. Most Read from Bloomberg NYC Commutes Resume After Midtown Bus Terminal Crash Chaos Struggling Downtowns Are Looking to Lure New Crowds Massachusetts to Follow NYC in Making Landlords Pay Broker Fees Foreign Buyers Swoop on Cape Town Homes, Pricing Out Locals What Gothenburg Got Out of Congestion Pricing The House passed the bill in a 218-214 vote just a day ahead of Trump’s self-imposed July 4 deadline. Here’s who won and who lost in the legislative centerpiece of the president’s domestic agenda: Winners Multimillionaires The rich gain the ability to pass more wealth on to their heirs and dodge a tax increase. The bill includes $4.5 trillion worth of tax cuts, according to a Saturday estimate from the Joint Committee on Taxation. The estate tax exemption rises to $15 million for individuals — totaling $30 million for married couples — and then adjust with inflation. The 2017 Trump income tax rate cuts also become permanent, with benefits skewing toward the wealthy. Residents of High-Tax States The limit on the state and local tax deduction rises to $40,000 annually for a five-year period. The write-off phases out for taxpayers who make more than $500,000 per year. After the five-year period, the limit snaps back to the current $10,000 limit imposed in the 2017 tax law. Small Business Owners The 2017 law that allowed pass-through business to deduct up to 20% of their qualified business income from their taxable income is permanently extended beginning in the tax year 2026. The deduction is available to owners of sole proprietorships, LLCs and partnerships. Private Equity The carried interest tax break benefiting private equity, venture capital and real estate partnerships is maintained, despite the president’s push to eliminate it. Private equity also won an expanded interest expensing tax break. Domestic Car Dealers Up to $10,000 a year in loan interest for US-made cars becomes tax deductible through 2028, a boon to auto dealers looking to close sales. But the break phases out slowly for individuals with more than $100,000 in income and couples with more than $200,000. Manufacturers The bill revives several favorable tax rules for businesses, including bonus depreciation for the cost of production upgrades and a research and development tax break, winning the endorsement of the National Association of Manufacturers. The final legislation makes permanent those breaks, which were temporary in an earlier version of the bill that passed the House in May. Fossil Fuel Producers Industries like coal, oil and natural gas win tax breaks and new requirements to open up more federal land for drilling, while breaks for competing clean energy technologies are phased out. Elderly and Tipped Workers In a nod to some of Trump’s populist campaign promises, taxpayers 65 and older get a larger standard deduction, while tips and overtime pay are exempted from income taxes. The provisions include limits to shrink their cost and expire after 2028. Parents The maximum child tax credit increases by an additional $200 from $2,000 starting in tax year 2025 and is permanently indexed to inflation. Parents could open up new “Trump accounts” for their babies seeded with $1,000 from the government for children born from 2025 through 2028. Telecommunications The bill auctions off a massive amount of radio spectrum for use in wireless broadband, a potential boon for services like SpaceX’s Starlink and 5G and future 6G mobile networks. Corporations Other tax increases that had been considered that would have hit big business, such as an increase in the stock buyback tax or a limit on the state and local deduction for corporations, were mostly rejected. Defense Contractors The package boosts defense spending by $150 billion, with much of the funding going to new weapons systems made by major contractors. Space The bill provides nearly $10 billion to fund projects including efforts to reach the Moon and Mars and eventually decommission the international space station. Losers Low-Income Americans Some of the costs for the tax bill are defrayed through cuts to Medicaid health coverage and food stamps, both of which benefit low-income Americans. On average, the legislation will cost the bottom 20% of taxpayers $560 a year, according to a Yale Budget Lab analysis. The measure creates new work requirements for Medicaid recipients, unless they are elderly, disabled or have children under 14 years old. Medicaid beneficiaries who gained eligibility through the Affordable Care Act will have to pay a share of costs through charges like co-pays. Food assistance for low-income Americans is cut by expanding existing work requirements for federal food stamps to cover beneficiaries up to 65 years old. Beginning in 2028, states also are required to pay a portion of food benefit costs, which are now fully paid by the federal government. Renewable Energy Clean energy industries are hit by the Republican plan, which rolls back many provisions of former President Joe Biden’s landmark climate law. A tax credit for solar panels and wind systems is quickly phased out, though the legislation takes more time to eliminate other clean electricity production and investment credits. Tax credits for energy efficiency home improvements and residential installation of solar or other clean energy upgrades are eliminated at the end of the year. Technology Companies The Senate squelched a controversial effort in the bill to prevent US states from regulating artificial intelligence, delivering a win for tech industry critics and a blow to the likes of Microsoft Corp. and Meta Platforms Inc., as well as venture capital firms like Andreessen Horowitz. Trump administration officials and GOP allies in Silicon Valley had pushed the measure saying it would prevent a patchwork of cumbersome state-by-state regulations. Electric Vehicle Makers Tesla Inc., General Motors Co. and other electric vehicle makers are hit by elimination of a consumer tax credit of up to $7,500 for the purchase of electric vehicles. Elite Universities Add tax bills to the escalating battle the Trump administration is waging against elite universities such as Harvard and Columbia. The current 1.4% tax on net investment income of private college and university endowments ratchets up for better-funded institutions. The new tiered tax rate structure climbs as high as 8% for colleges with the most endowment income per student. Immigrants Several provisions raise taxes on immigrants. That includes a new 1% tax on transfers of money to foreign countries, known as remittances. Many immigrants in the US send money to relatives in their countries of origin. The proposal also restricts some immigrants’ access to tax credits for health coverage premiums. The change prevents many immigrants granted asylum or temporary protected status from accessing those credits. Gamblers Gamblers would only be able to deduct 90% of their losses against their winnings, leading to a situation where they could still owe income tax if they break even over a year or lose money overall. --With assistance from Alicia Diaz and Erik Wasson. (Updates with House passage in second paragraph.) Most Read from Bloomberg Businessweek SNAP Cuts in Big Tax Bill Will Hit a Lot of Trump Voters Too America’s Top Consumer-Sentiment Economist Is Worried How to Steal a House China’s Homegrown Jewelry Superstar Sperm Freezing Is a New Hot Market for Startups ©2025 Bloomberg L.P.",2025-07-04
https://finance.yahoo.com/news/p-500-climbs-weekly-another-174607742.html,The Standard & Poor's 500 index rose 1.7% this week to another record closing high as June jobs data,2025-07-04
https://finance.yahoo.com/news/sutskever-lead-safe-superintelligence-meta-173512775.html,"By Krystal Hu (Reuters) -Ilya Sutskever has taken over the reins of Safe Superintelligence (SSI), the artificial intelligence startup he launched last year, after losing CEO Daniel Gross to an intensifying talent war in the industry. Gross has joined Meta Platforms to lead its AI products division, sources told Reuters. The development comes as tech giants such as Meta Platforms aggressively chase high-profile acquisitions and offer multi-million-dollar pay packages to attract top talent in the race to lead the next wave of artificial intelligence. Meta had also attempted to recruit Sutskever and acquire SSI, which was most recently valued at $32 billion, sources familiar with the matter told Reuters. ""You might have heard rumors of companies looking to acquire us. We are flattered by their attention but are focused on seeing our work through,"" Sutskever said in a post on X. SSI raised $1 billion in cash last year to build advanced AI systems designed to safely exceed human intelligence. Sutskever has previously served as OpenAI's chief scientist. He left the ChatGPT maker, which he co‑founded, after his involvement in Sam Altman's dramatic firing and rehiring in November 2023. Meta CEO Mark Zuckerberg has launched a new division, Meta Superintelligence Labs, to unify the company's AI efforts, following setbacks with its Llama 4 model and key staff departures. The unit will be led by former Scale AI CEO Alexandr Wang and ex-GitHub chief Nat Friedman, after Meta invested $14.3 billion in Scale and ramped up efforts to recruit top AI talent. Gross and Friedman are known to be close, having co-founded the venture capital firm NFDG — named after their initials. The firm has backed high-profile startups including Safe Superintelligence, Perplexity and Figma. Meta has offered to buy a minority stake in NFDG's funds from limited partners through a tender offer, the sources told Reuters. The Facebook owner did not immediately respond to a Reuters request for comment, while NFDG could not be reached. Apple acquired Gross's startup, Cue, in 2013 for its predictive search and AI technology, after which Gross joined the iPhone maker as a director, overseeing machine learning and artificial intelligence. (Reporting by Akash Sriram in Bengaluru and Krystal Hu in New York, additional reporting by Jaspreet Singh in Bengaluru and Juby Babu in Mexico City; Editing by Shinjini Ganguli)",2025-07-04
https://finance.yahoo.com/news/ilya-sutskever-lead-safe-superintelligence-172907379.html,"OpenAI co-founder Ilya Sutskever says he is stepping into the CEO role atSafe Superintelligence, the AI startup he launched in 2024. In a post on X, Sutskever confirmed Thursday that Daniel Gross, the startup’s co-founder and CEO, departed the company as of June 29. Safe Superintelligence co-founder Daniel Levy is becoming president of the startup, according to Sutskever. The announcement follows weeks of reporting thatMeta CEO Mark Zuckerberg was in advanced talks to hire Gross, as well as his longtime investing partner, former GitHub CEO Nat Friedman. At one point, Zuckerberg reportedly attempted to acquire all of Safe Superintelligence, a startup most recently valued at $32 billion. Sutskever addressed those reports as well. “You might have heard rumors of companies looking to acquire us. We are flattered by their attention but are focused on seeing our work through,” said Sutskever. “We have the compute, we have the team, and we know what to do. Together we will keep building safe superintelligence.” Naturally, Gross’ departure may raise questions around the startup. If Safe Superintelligence was close to its goal — surely a groundbreaking technology, as it’s described — why would its co-founder leave to start something new, seemingly at Meta? Notably, Safe Superintelligence describes itself as the world’s “first straight-shot SSI lab,” meaning the company has no other products or ambitions outside of developing, well, safe superintelligence. That’s the name, that’s the product, that’s its whole thing. Sutskever started Safe Superintelligence shortly after leaving OpenAI, where he played a role in the brief ousting of CEO Sam Altman. Meanwhile, it seems likely that Meta Superintelligence Labs will develop technology that powers lots of the company’s products. InZuckerberg’s memoannouncing the new unit, he referenced Meta’s expertise in building and growing products that reach billions of people, and cited the early wins Meta has had in AI wearables. That means Gross, who previously led AI teams at Apple after the iPhone maker acquired his startup, could have a more familiar role at Meta, should he join. Zuckerberg has also nabbed sometop researchers from OpenAIand Google DeepMind to fill out his new AI team. Nevertheless, Sutskever may have his hands full as Safe Superintelligence’s CEO. While he’s held previous high-ranking positions, such as OpenAI’s chief scientist, the CEO role may come with new challenges — such as raising new capital from investors and recruiting top talent. Sutskever notes in his post that he’ll continue to oversee Safe Superintelligence’s technical team.",2025-07-04
https://finance.yahoo.com/news/meta-found-another-way-keep-163422356.html,"Imagine you’re messaging some friends on the Facebook Messenger app or WhatsApp, and you get an unsolicited message from an AI chatbot that’s obsessed with films. “I hope you’re having a harmonious day!” it writes. “I wanted to check in and see if you’ve discovered any new favorite soundtracks or composers recently. Or perhaps you’d like some recommendations for your next movie night? Let me know, and I’ll be happy to help!” That’s a real example of what a sample AI persona named “The Maestro of Movie Magic” might send as a proactive message on Messenger, WhatsApp, or Instagram, per guidelines from data labeling firm Alignerr thatBusiness Insider viewed. The outlet learned through leaked documents that Meta is working with Alignerr to train customizable chatbots to reach out to users unprompted and follow up on any past conversations. That means the bots, which users can create in Meta’s AI Studio platform, also remember information about users. Meta confirmed that it was testing follow-up messaging with AIs to TechCrunch. The AI chatbots will only send follow-ups within 14 days after a user initiates a conversation and if the user has sent at least five messages to the bot within that time frame. Meta says the chatbots won’t keep messaging if there’s no response to the first follow-up. Users can keep their bots private or share them through stories, direct links, and even display them on a Facebook or Instagram profile. “This allows you to continue exploring topics of interest and engage in more meaningful conversations with the AIs across our apps,” a Meta spokesperson said. The technology is similar to that offered by AI startups like Character.AI and Replika. Both companies allow their chatbots to initiate conversations and ask questions in order to function as AI companions. Character.AI’s new CEO,Karandeep Anand, joined the team last month after serving as Meta’s VP of business products. But with engagement comes risk. Character.AI is undergoing an active lawsuit after allegations that one of the company’s bots played arole in the death of a 14-year-old boy. When asked how Meta plans to address safety to avoid situations like Character.AI’s, a spokesperson directed TechCrunch to aseries of disclaimers. One of them warns that an AI’s response “may be inaccurate or inappropriate and should not be used to make important decisions.” Another says that the AIs aren’t licensed professionals or experts trained to help people. “Chats with custom AIs can’t replace professional advice. You shouldn’t rely on AI chats for medical, psychological, financial, legal, or any other type of professional advice.” TechCrunch has also asked Meta if it imposes an age limit for engagement with its chatbots. A brief internet dive comes up with no company-imposed age limitations for using Meta AI, though laws inTennessee and Puerto Ricolimit teens from some engagement. On the surface, the mission is aligned with Mark Zuckerberg’s quest to combat the “loneliness epidemic.” However, most of Meta’s business is built on advertising revenue, and the company has garnered a reputation for using algorithms to keep people scrolling, commenting, and liking, which correlates to more eyes on ads. Incourt documentsthat were unsealed in April, Meta predicted that its generative AI products would secure it $2 billion to $3 billion in revenue in 2025, and up to $1.4 trillion by 2035. Much, if not most, of that would come from Meta’s revenue-sharing agreements with companies that host its open Llama collection of models. The company said its AI assistant may eventually show ads and offer a subscription option. Meta declined to comment on TechCrunch’s questions on how it plans to commercialize its AI chatbots, whether it plans to include ads or sponsored replies, and whether the company’s long-term strategy with AI companions involves integration with Horizon, Meta’s social virtual reality game. Got a sensitive tip or confidential documents? We’re reporting on the inner workings of the AI industry — from the companies shaping its future to the people impacted by their decisions. Reach out to Rebecca Bellan atrebecca.bellan@techcrunch.comand Maxwell Zeff atmaxwell.zeff@techcrunch.com. For secure communication, you can contact us via Signal at @rebeccabellan.491 and @mzeff.88.",2025-07-04
https://finance.yahoo.com/news/why-meta-platforms-stock-jumped-161752987.html,"Meta Platforms pushed further into artificial intelligence (AI) last month with a deal to take a 49% stake in Scale AI. The company also benefited from lower tensions around the trade war. These 10 stocks could mint the next wave of millionaires › Shares ofMeta Platforms(NASDAQ: META)were moving higher again in June as the social media giant benefited from the broader uptrend in the stock market, and investors reacted to Meta's deal to take a 49% stake in Scale AI, a data-labeling start-up, for $14 billion. By the end of the month, Meta stock had finished up 14%, according to data fromS&P Global Market Intelligence. As you can see from the chart, the stock gained in two separate stages, in the beginning and end of the month. Meta's ambitions in AI became clearer last month as the company made a splash with the Scale AI deal. The move gives the company near-50% ownership of a promising AI start-up, and also brings Scale AI founder Alexandr Wang into the Meta fold. Wang will head up a new research lab working on superintelligence. Additionally, other news reports emerged about Meta's poaching AI talent from OpenAI, and it also reportedly tried to buyPerplexity, the AI search-focused start-up now valued at $14 billion, as well as Safe Superintelligence, another AI start-up. Finally, the company is considering raising $29 billion to fund its data center expansion push as part of its AI ambitions. Early in the month, Meta also signed a 20-year power purchase agreement withConstellation Energy, showing its commitment to securing an adequate source of energy as AI needs grow. On the device front, the company also introduced Oakley Meta glasses, which it called a new category of Performance AI glasses, featuring a built-in camera, open-ear speakers, and water resistance. Meanwhile, the stock also benefited from cooling tensions around the trade war, as well as solid economic data showing the job market continuing to expand and inflation remaining in check. Since nearly all the company's revenue comes from digital advertising, the business is sensitive to the broader economy, so signs of continued growth are good for Meta. Meta's price-to-earnings ratio has risen to 28 following last month's gains, but that still looks like a fair price to pay for a stock that dominates the social media sector, has a huge competitive advantage in digital advertising, and is investing heavily into its strong AI division. We'll hear from Meta at the end of the month when it reports second-quarter earnings. Analysts are expecting another strong quarter, with revenue increasing 14% to $44.55 billion and earnings per share rising from $5.16 to $5.84. If Meta can maintain that kind of growth, the stock should continue to move higher. Ever feel like you missed the boat in buying the most successful stocks? Then you’ll want to hear this. On rare occasions, our expert team of analysts issues a“Double Down” stockrecommendation for companies that they think are about to pop. If you’re worried you’ve already missed your chance to invest, now is the best time to buy before it’s too late. And the numbers speak for themselves: Nvidia:if you invested $1,000 when we doubled down in 2009,you’d have $407,818!* Apple:if you invested $1,000 when we doubled down in 2008,you’d have $40,330!* Netflix:if you invested $1,000 when we doubled down in 2004,you’d have $692,914!* Right now, we’re issuing “Double Down” alerts for three incredible companies, available when you joinStock Advisor, and there may not be another chance like this anytime soon. See the 3 stocks » *Stock Advisor returns as of June 30, 2025 Randi Zuckerberg, a former director of market development and spokeswoman for Facebook and sister to Meta Platforms CEO Mark Zuckerberg, is a member of The Motley Fool's board of directors.Jeremy Bowmanhas positions in Meta Platforms. The Motley Fool has positions in and recommends Constellation Energy and Meta Platforms. The Motley Fool has adisclosure policy. Why Meta Platforms Stock Jumped 14% in Junewas originally published by The Motley Fool",2025-07-04
https://finance.yahoo.com/news/tbla-stock-rises-37-3-154700339.html,"Shares ofTaboola.com Ltd. TBLA have rallied 36.5% in the past three months, zooming past its industry, sector and the Zacks S&P 500 composite in the same time frame.TBLA is now trending above its 50-day simple moving average (SMA), indicating the possibility of an upside ahead.Taboola is a global leader in performance advertising, helping businesses grow across the open web. It believes that its Realize platform (a performance advertising platform launched in February 2025) poises it well to tap the $55 billion market dominated by Meta, Google and Amazon, also called the “walled garden.” Image Source: Zacks Investment Research Shares ofThe Trade DeskTTD andMagnite Inc.MGNI, operating in the same space, have rallied 49.9% and 154.3%, respectively, in the past three months.The Trade Desk is a prominent independent demand-side platform (DSP). With a focus on data-driven strategies and transparent pricing, it equips marketers with powerful targeting and analytics capabilities. Continuous innovation in programmatic technology strengthens its role in the dynamic digital advertising landscape.Magnite is a leading independent sell-side advertising platform. Magnite is a pivotal player in the expanding programmatic advertising space, especially within the rapidly growing connected TV segment. TBLA is currently affordable. It is trading at a price-to-earnings multiple of 20.2, lower than the industry average of 29.7. It has a Value Score of A. Image Source: Zacks Investment Research Shares of Trade Desk and Magnite are trading at a premium to the industry. Taboola has evolved from being a native advertising leader to a company with an expanded focus on the broader performance advertising market (display and commerce formats). This strategic shift aligns with the demand for comprehensive performance solutions beyond search and social platforms. Advertising budgets continue to shift from traditional media to digital channels while online shopping is expected to grow about 8% annually through 2027, doubling the growth of physical retail, as noted by the company. TBLA is thus strongly poised to capitalize on the opportunities.Taboola’s growth strategy encompasses driving incremental ad spend through Realize's new capabilities and focusing on a go-to-market strategy, including verticalizing its sales organization and targeting ideal customer profiles and new supply partners that offer unique data sought by advertisers. This would help drive incremental growth in advertising budgets.Execution is showing up in the numbers. TBLA generated about $1.8 billion in revenues, over $200 million in adjusted EBITDA, and about $150 million in free cash flow last year. First-quarter results were solid with revenues improving 3%, adjusted EBITDA increasing 53%, and operating cash flow improving 48%, giving Taboola more than $216 million of cash with modest leverage.Banking on the momentum, Taboola expects to generate revenues between $1.84 billion and $1.89 billion in 2025. Gross profit is expected to be between $536 million and $552 million, adjusted EBITDA between $201 million and $209 million and net income between $122 million and $128 million.Management is reinvesting while distributing wealth to shareholders, supported by improving profitability and cash generation. It is continually increasing R&D spend, which was about 8% of revenues in 2024,  to fund AI capabilities, including Max Conversions and Abby.  Its board expanded the buyback authorization by $200 million in February 2025 (now $240 million total), leveraging a cash balance and solid free cash flow conversion. The Zacks Consensus Estimate for 2025 and 2026 earnings has moved 2 cents and 3 cents north, respectively, in the past 60 days. Image Source: Zacks Investment Research The Zacks Consensus Estimate for TBLA’s 2025 earnings per share indicates an increase of 3900% on 5.7% higher revenues.  The consensus estimate for 2026 earnings per share indicates a 7.9% increase on 6.1% higher revenues.  TBLA has a Growth Score of A. Taboola offers a compelling risk-reward profile. With the efficient execution of Realize, share buybacks and improving cash generation, Taboola emerges as a prudent pick for investors. Its impressive VGM Score of A instills confidence.Given its affordability, growth prospects, price appreciation and optimistic analyst sentiment, this Zacks Rank #1 (Strong Buy) stock is a strong contender for addition to one’s portfolio. You can seethe complete list of today’s Zacks #1 Rank stocks here. Want the latest recommendations from Zacks Investment Research? Today, you can download 7 Best Stocks for the Next 30 Days.Click to get this free report The Trade Desk (TTD) : Free Stock Analysis Report Magnite, Inc. (MGNI) : Free Stock Analysis Report Taboola.com Ltd. (TBLA) : Free Stock Analysis Report This article originally published on Zacks Investment Research (zacks.com). Zacks Investment Research",2025-07-04
https://finance.yahoo.com/news/microsoft-nvidia-lead-ai-driven-145307272.html,Microsoft (MSFT) and Nvidia (NVDA) are set to lead another rally in tech stocks in the second half o,2025-07-04
https://finance.yahoo.com/news/nvidia-set-become-worlds-most-142512077.html,"By Noel Randewich and Shashwat Chauhan (Reuters) -Nvidia hit a market value of $3.92 trillion on Thursday, briefly putting it on track to become the most valuable company in history, as Wall Street doubled down on optimism about AI. Shares of the leading designer of high-end AI chips rose as much as 2.4% to $160.98 in morning trading, giving the company a higher market capitalization than Apple's record closing value of $3.915 trillion on December 26, 2024. The shares were last up 1.5% at $159.60, leaving Nvidia's stock market value at $3.89 trillion, just short of Apple's record. Nvidia's newest chips have made gains in training the largest artificial-intelligence models, fueling demand for products by the Santa Clara, California, company. Microsoft is currently the second-most valuable company on Wall Street, with a market capitalization of $3.7 trillion as its shares rose 1.7% to $499.56. Apple rose 0.8%, giving it a market value of $3.19 trillion, in third place. A race among Microsoft, Amazon.com, Meta Platforms, Alphabet and Tesla to build AI data centers and dominate the emerging technology has fueled insatiable demand for Nvidia's high-end processors. ""When the first company crossed a trillion dollars, it was amazing. And now you're talking four trillion, which is just incredible. It tells you that there's this huge rush with AI spending and everybody's chasing it right now,"" said Joe Saluzzi, co-manager of trading at Themis Trading. The stock market value of Nvidia, whose core technology was developed to power video games, has increased nearly eight-fold over the past four years, from $500 billion in 2021 to now near $4 trillion. Nvidia is now worth more than the combined value of the Canadian and Mexican stock markets, according to LSEG data. The tech company also exceeds the total value of all publicly listed companies in the United Kingdom. Nvidia recently traded at about 32 times analysts' expected earnings for the next 12 months, below its average of about 41 over the past five years, according to LSEG data. That relatively modest price-to-earnings valuation reflects steadily increasing earnings estimates that have outpaced Nvidia's sizable stock gains. The company's stock has now rebounded more than 68% from its recent closing low on April 4, when Wall Street was reeling from President Donald Trump's global tariff announcements. U.S. stocks, including Nvidia, have recovered on expectations that the White House will cement trade deals to soften Trump's tariffs. Nvidia's swelling market capitalization underscores Wall Street's big bets on the proliferation of generative AI technology, with the chipmaker's hardware serving as the foundation. The sharp increases in the shares of Nvidia and other Wall Street heavyweights have left people who save for their retirements through widely used S&P 500 index funds heavily exposed to the future of AI technology. Nvidia now accounts for 7% of the S&P 500. Nvidia, Microsoft, Apple, Amazon and Alphabet together make up 28% of the index. ""I strongly believe that AI is a greatly productive tool, but I am fairly sure that the current delivery of AI via large language models and large reasoning models are unlikely to live up to the hype,"" cautioned Kim Forrest, chief investment officer at Bokeh Capital Partners. Co-founded in 1993 by CEO Jensen Huang, Nvidia has evolved from a niche company popular among video game enthusiasts into Wall Street's barometer for the AI industry. The stock's recent rally comes after a slow first half of the year, when investor optimism about AI took a back seat to worries about tariffs and Trump's trade dispute with Beijing. Chinese startup DeepSeek in January triggered a selloff in global equities markets with a cut-price AI model that outperformed many Western competitors and sparked speculation that companies might spend less on high-end processors. In November of last year, Nvidia took over the spot on the Dow Jones Industrial Average formerly occupied by chipmaker Intel, reflecting a major shift in the semiconductor industry toward AI-linked development and the graphics processing hardware pioneered by Nvidia. (Reporting by Noel Randewich in Oakland, California; Arsheeya Bajwa and Shashwat Chauhan in Bengaluru, and Carolina Mandl and Sinead Carew in New York; Editing by Dawn Kopecki, Matthew Lewis and Nick Zieminski)",2025-07-04
https://finance.yahoo.com/news/meta-upgraded-pnc-financial-downgraded-134154896.html,"The most talked about and market moving research calls around Wall Street are now in one place. Here are today's research calls that investors need to know, as compiled by The Fly.Top 5 Upgrades: Needham upgradedMeta Platforms(META)to Hold from Underperform with no price target. Channel checks are driving upside to the firm's estimates, but the firm remains on the sidelines with a Hold because the firm believes Meta's strategy diffusion ""wastes capital and adds risks"" and the company's margins and free cash flow are under structural downward pressure. BNP Paribas Exane upgradedFedEx(FDX)to Outperform from Underperform with a price target of $270, up from $230. While the U.S. domestic parcel market remains competitive and Amazon(AMZN)continues to present a major challenge to incumbents, FedEx is outperforming on both volume and yield growth on a relative basis and the shares are ""arguably oversold,"" the firm tells investors. BNP Paribas Exane upgradedUPS(UPS)to Neutral from Underperform with a $100 price target. With consensus trending downwards, BNP's outlook is now ""better matched by the Street"" and volume headwinds appear to be priced in, the firm tells investors. Wolfe Research upgradedHuntington Bancshares(HBAN)to Outperform from Peer Perform with a $21 price target. The firm, which sees net interest income and net interest margin upside, expects shares will ""generate meaningful alpha in the coming year,"" citing a combination of peer leading loan and deposit growth, ongoing productivity and efficiency improvements, benign credit, and capital returns. Morgan Stanley upgradedValley National(VLY)to Overweight from Equal Weight with a price target of $11, up from $10. Valley has taken significant actions over the past year to lower its commercial real estate concentration, increase its reserve ratio, and build capital, but the balance sheet improvement and earnings growth story are not reflected in valuation, the firm tells investors. Top 5 Downgrades: Wolfe Research downgradedPNC Financial(PNC)to Peer Perform from Outperform and removed the firm's prior $185 price target. PNC screens as expensive compared to the Outperform-rated banks in the analyst's coverage that generate higher returns, the firm explains. Citizens JMP downgradedTwo Harbors(TWO)to Market Perform from Outperform and removed the firm's prior $13.50 price target on the shares, citing uncertainty about the final level of damages yet to be determined in the ongoing lawsuit against its former external manager. Maxim downgradedNV5 Global(NVEE)to Hold from Buy with a $23 price target citing the pending takeover by Acuren for $23 per share. Raymond James downgradedImperial Oil(IMO)to Market Perform from Outperform with a price target of C$107, up from C$105. With the Investor Day in the rearview mirror, it is challenging to see any near-term catalysts to drive continued outperformance, the firm tells investors in a research note. Berenberg downgradedRio Tinto(RIO)to Hold from Buy with a price target of 4,700 GBp, down from 6,200 GBp. The firm is taking a more cautious view on iron ore and reduced estimates by about 5% over 2025-27, citing a lack of clear stimulus from China as ""a key driver of this reduction."" Top 5 Initiations: H.C. Wainwright initiated coverage ofTelix Pharmaceuticals(TLX)with a Buy rating and $23 price target. TLX591, which is being studied in a global Phase 3 trial for metastatic castration-resistant prostate cancer, ""appears differentiated"" and TLX592 ""further builds upon that,"" the firm argues. KeyBanc initiated coverage ofPrairie Operating(PROP)with a Sector Weight rating and no price target. The firm sees ""a chicken-or-egg conundrum"" for Prairie on whether to enter into M&A now with a low trading multiple to re-rate the equity, or wait for the equity to re-rate before entering into more deals. BofA initiated coverage ofRalliant(RAL)with an Underperform rating and $48 price target. Ralliant has modestly underperformed peers over this cycle, with revenue declines below peers in Q1, the firm tells investors in a research note. Bullish on the name,Janney Montgomery Scottinitiated coverage of Primoris(PRIM)with a Buy rating and $102 fair value estimate. Morgan Stanley analyst Sean Laaman assumed coverage ofSchrodinger(SDGR)with an Equal Weight rating with a price target of $28, down from $31. Schrodinger has faced volatility due to a combination of macroeconomic factors, underperformance on initial clinical results and uncertainty on valuation and revenue drivers, the firm says.",2025-07-04
https://finance.yahoo.com/news/seagate-technology-holdings-plc-stx-133506114.html,"We came across abullish thesison Seagate Technology Holdings plc on Stock Analysis Compilation’s Substack. In this article, we will summarize the bulls’ thesis on STX. Seagate Technology Holdings plc's share was trading at $151.94 as of July 2nd. STX’s trailing and forward P/E were 21.86 and 16.37 respectively according to Yahoo Finance. patrick-lindenberg-1iVKwElWrPA-unsplash Seagate Technology Holdings (STX) stands as a dominant force in the hard disk drive (HDD) market. Over 80% of Seagate’s revenue stems from high-capacity drives sold to hyperscalers like Google, Amazon, Meta, and Microsoft, and to enterprise server and storage OEMs. With exponential data growth driven by AI adoption, the need for high-density storage is only beginning to accelerate. Seagate is leading a pivotal transition to heat-assisted magnetic recording (HAMR), a breakthrough technology that enhances storage density and profitability. Years ahead of competitor Western Digital, Seagate has already qualified Google for its HAMR drives and is expected to announce further customer wins soon. The initial 30TB HAMR drives are ramping, but the 40TB offering in 2026 will significantly improve unit economics by raising capacity 33% and reducing costs, expanding gross margins. While Western Digital lags with a delayed 36TB HAMR release, Seagate is poised to capitalize on industry demand. HDDs remain six times cheaper per terabyte than flash-based SSDs, and given HAMR's advancements, HDDs will likely retain their cost advantage and data center dominance for the next decade. The HDD industry’s duopoly structure, disciplined capacity management, and long-term supply agreements further stabilize the market and support pricing. Seagate’s capital allocation has been highly shareholder-friendly, returning over $8 billion in five years. Despite its leadership and AI-driven growth potential, Seagate trades at just 11x 2026 earnings, presenting a compelling opportunity with the potential to double or triple from current levels. Previously, we covered abullish thesison Seagate Technology Holdings plc by fortitudelkw in Jannuary 2025, which highlighted the company’s leadership in cloud storage, HAMR technology, and AI-driven data growth. The company’s stock price has appreciated by approximately 40% since our coverage. This is because the thesis played out as expected. Stock Analysis Compilation shares a similar view but emphasizes upcoming margin expansion. Seagate Technology Holdings plc is not on our list of the30 Most Popular Stocks Among Hedge Funds. As per our database, 55 hedge fund portfolios held STX at the end of the first quarter which was 52 in the previous quarter. While we acknowledge the risk and potential of STX as an investment, our conviction lies in the belief that some AI stocks hold greater promise for delivering higher returns and have limited downside risk. If you are looking for an extremely cheap AI stock that is also a major beneficiary of Trump tariffs and onshoring, see our free report on thebest short-term AI stock. READ NEXT:8 Best Wide Moat Stocks to Buy Nowand30 Most Important AI Stocks According to BlackRock.",2025-07-04
https://finance.yahoo.com/news/pryon-named-ai-data-management-131300269.html,"Industry recognition validates Pryon's leadership in solving the most critical barrier to enterprise AI ROI: creating a trusted, accurate memory foundation for agentic solutions NEW YORK,July 3, 2025/PRNewswire/ --Pryon, the definitive leader in enterprise AI memory solutions, today announced its recognition as the ""AI Data Management Solution of the Year"" in the prestigious 8th annual AI Breakthrough Awards. The AI Breakthrough Awards evaluated more than 5,000 nominations from over 20 countries, making this recognition particularly significant as AI adoption accelerates globally. This honor places Pryon among elite technology innovators, including NVIDIA, Microsoft, Meta, and Databricks, in the global AI landscape. In today's enterprise environment, the single greatest barrier to realizing return on AI investments isn't technology access—it's information reliability. While 90% of businesses view agentic AI as essential for competitive advantage, Gartner projects over 40% of agentic AI initiatives will fail by 2027, with accuracy and trust cited as the primary obstacles. ""Enterprises are discovering a harsh reality: without a reliable memory layer, AI investments become costly experiments rather than transformative solutions,"" saidChris Mahl, CEO of Pryon. ""In a world where AI agents take action on behalf of your business, hallucinations aren't just problematic—they're catastrophic to both operations and trust. Pryon's Memory Layer eliminates this fundamental risk."" Introducing The Pryon Memory Layer Pryon has redefined how organizations approach their AI strategies by creating what analysts now recognize as the essential foundation for any successful enterprise AI deployment: a unified, trustworthy memory layer. Unlike conventional data management approaches, Pryon's platform: Transforms scattered knowledgefrom documents, videos, images, and conversations into a cohesive AI memory foundation Delivers unmatched retrieval accuracyexceeding 90% through proprietary Retrieval-Augmented Generation technology Provides real-time, verifiable accessto critical information while maintaining complete data privacy Scales seamlesslyacross large organizations to support complex, mission-critical AI deployments Driving Measurable AI ROI What sets Pryon apart is its focus on measurable business outcomes: 3-5x faster deploymentof agentic AI solutions compared to competitors 95%+ accuracyin milliseconds at scale across agentic production 60% improvementin employee productivity through streamlined knowledge access ""The market has been flooded with promises about AI potential, but Pryon delivers something more valuable: AI certainty,"" said Mahl. ""Our Memory Layer becomes the single source of truth that transforms AI from an interesting technology into a reliable business asset that delivers consistent ROI."" Government Validation and Mission-Critical Deployment Pryon's technology has received significant validation from government agencies seeking to harness AI while maintaining the highest standards of security and accuracy. The platform's unique architecture enables unprecedented deployment flexibility, allowing it to function seamlessly in diverse environments: Secure air-gapped facilitieswith zero external connectivity Hybrid cloud-to-edge configurationsfor remote field operations Rapidly deployable containerized solutionsfor time-sensitive missions Cross-domain capablewith appropriate security controls This deployment versatility ensures that Pryon's Memory Layer can be implemented precisely where mission requirements dictate, without compromising security or performance. Mahl continued, ""This award establishes us as the foundation player for scale and accuracy. Our Pryon Hyperscale release will be delivering unprecedented memory capabilities that enable enterprises to deploy agentic AI at exascale performance levels, while maintaining the precision and reliability that mission-critical operations demand."" About Pryon Pryon provides the trusted AI memory layer that ensures success for enterprise generative and agentic AI implementations. Created by the AI pioneers instrumental in developing Alexa, Siri, andWatson, Pryon's platform delivers accurate, instant, and verifiable answers at enterprise scale across all content forms. Deployed via cloud, on-premises, or air-gapped environments, Pryon's Memory Layer serves as the authoritative knowledge backbone for AI agents while maintaining the highest security standards for government and commercial use. For more information, please visithttps://www.pryon.com/ View original content:https://www.prnewswire.com/news-releases/pryon-named-ai-data-management-solution-of-the-year-for-pioneering-enterprise-ai-memory-layer-technology-302497671.html SOURCE Pryon",2025-07-04
https://finance.yahoo.com/news/meta-named-top-large-cap-130939044.html,"Meta Platforms, Inc. (NASDAQ:META) ranks among thebest FAANG stocks to buy according to hedge funds. Piper Sandler maintained its Overweight rating on Meta Platforms, Inc. (NASDAQ:META) on June 27 and raised its price target to $808, stating that new artificial intelligence tools are raising ad conversion rates to a level that will sustain revenue growth in the mid-teens for several years. Having analyzed the effects of new machine-learning technologies that the social media behemoth began implementing earlier this year, the firm named it its “top large-cap pick” and pushed Meta’s 2026 and 2027 revenue projections up 1% and 3%, respectively. Additionally, the firm projects that, under conservative projections, WhatsApp’s ad sales may reach $7 billion in 2026, while Threads’ could surpass $500 million. Meta Platforms, Inc. (NASDAQ:META) is a renowned technology company known primarily for its flagship platforms Facebook, Instagram, and WhatsApp, as well as its revolutionary advances in augmented reality (AR) and virtual reality (VR). While we acknowledge the potential of META as an investment, we believe certain AI stocks offer greater upside potential and carry less downside risk. If you’re looking for an extremely undervalued AI stock that also stands to benefit significantly from Trump-era tariffs and the onshoring trend, see our free report on thebest short-term AI stock. Read More:10 Best Magic Formula Stocks for 2025and10 Best Retirement Stocks to Buy According to Hedge Funds Disclosure: None.",2025-07-04
https://finance.yahoo.com/news/interview-fdi-center-nada-snoussi-113135039.html,"“Everyone is asking the question, is AI going to replace my job?” Nada Snoussi tellsInvestment Monitor. She says reading the news about mass layoffs at companies such as Microsoft, Meta, Dell, Klarna, and Google led her to ask how AI job disruption is affecting investment promotion agencies (IPAs). Snoussi wrote about this in a piece titled 'When AI cuts jobs, is it still worth attracting?' One of IPAs’ primary goals is to create job opportunities for the places they represent through foreign investment projects. Now, at a time when global FDI [foreign direct investment] is at a record low, but AI investments have never been higher, Snoussi thinks IPAs have to tread carefully. A consultant at the FDI Center, Snoussi said: “Many IPAs define quality FDI by its ability to create jobs. That's the case for most emerging countries, but also for developed countries. For these IPAs, this is a question that worries me more, because if we’re going to attract an AI company, are we going to attract them so that in the end, we achieve an opposite outcome to what we wanted to initially achieve? “It’s not a yes or no, but it’s definitely a whole discussion that needs to be brought in.” Snoussi thinks it is important to remember that while AI will replace some jobs, it is also creating new ones. It does not mean that the IPAs will necessarily have a harder task; they will just have to be more agile to the needs of an evolving workforce. “We have jobs that have been displaced when these are low-quality jobs, or jobs that are going to be easily automated. At the same time, it creates a new aspect of jobs that are linked to the core AI development such as jobs linked to machine learning, data centres, data analysis, engineering,” she outlines. She also suggests that as the world builds the AI supply chain and its critical infrastructure, jobs will be created along the way in areas such as data centres, education and energy. Aside from jobs directly in the core AI industry and supply chain, there is also the question of how AI will be applied to other sectors, which include agriculture and healthcare. Snoussi comments: “If we talk about agriculture, that’s anything linked to precision farming or crop management. Healthcare also, anything related to analysis of imagery, smart manufacturing.” IPAs should look at which sector-specific AI companies would complement their local economy. ""An AI company that we see clear potential to partner with other sectors in our country that would add value. Or focus on attracting AI companies that are sector-focused—so agritech, health tech, smart manufacturing, and so on—from the start, so that we directly add value to the sectors we have,” she says. Before IPAs make a concerted effort to attract AI, Snoussi says they should first ask: “Can we accommodate AI investors?” Two important factors for AI investors are an adequate energy supply and an AI-savvy workforce. Whether a location can provide both of these features will fundamentally shape an IPA's value proposition. IPAs could play an important role in advocating for the upskilling of their local workforce. Snoussi thinks that a partnership between different stakeholders that encourages “the creation of AI and upskilling programs with universities and research institutions”, for example, would strengthen an IPA's pitch to investors. If IPAs attract projects without taking these factors into consideration, they could inadvertently disrupt the local economy. “I wouldn’t, for instance, attract AI companies that would automate things if a place has a huge business process operations (BPO) sector,” Snoussi outlines. The Philippines, for example, offers a lot of BPO services, such as call centres. She said: “You’re not going to attract an AI company that offers automation of call centres that can do cold calls just using AI.” At the same time, she notes that these automated services are usually offered by small companies which might not “have the potential to expand”. So, just because an AI replacement exists, it does not mean it is going to grow or replace an industry overnight. “I think AI will replace some jobs that rely heavily on routine tasks, for instance, but it’s going to take time. Not all companies have the capabilities or the capacity today to directly automate all the processes, because AI automation is costly,” Snoussi outlines. This is good news for IPAs, because it means they “still have time” to work on upskilling their workforce and creating a strategy. In terms of integrating AI into an IPA’s operations, Snoussi thinks they should be wary of moving too quickly, as making a mistake could erode an organisation’s credibility. “I see many people saying that AI can be used by IPAs easily. No need for specialised tools. We can just use ChatGPT, for instance, to write emails to answer our questions. But then, to what level can we rely on these responses? There’s a big risk of AI hallucinations,” she comments. If an AI chatbot hallucinates, an occasion where it generates incorrect or factually inaccurate outputs, and an investor catches it, then it would damage that IPA's credibility, Snoussi notes. Therefore, if IPAs want to integrate this technology, they need “an AI tool that is trained by IPA professionals to minimise the risk of hallucination”. Given the speed of AI adoption in the workforce, there is no time to waste for IPAs. “AI is coming. It’s not a choice. We have to deal with it,” she advises. ""Interview: FDI Center’s Nada Snoussi on how IPAs should cope with AI job disruption"" was originally created and published byInvestment Monitor, a GlobalData owned brand.   The information on this site has been included in good faith for general informational purposes only. It is not intended to amount to advice on which you should rely, and we give no representation, warranty or guarantee, whether express or implied as to its accuracy or completeness. You must obtain professional or specialist advice before taking, or refraining from, any action on the basis of the content on our site.",2025-07-04
https://finance.yahoo.com/news/meta-platforms-upgraded-needham-warns-112728109.html,"Investing.com -- Needham & Company upgraded Meta Platforms (NASDAQ:META) to Hold from Underperform in a note Thursday, citing better-than-expected second-quarter results and strong labor productivity metrics. However, the firm maintained a cautious stance, pointing to strategic concerns and structural cost pressures. “We upgrade META to Hold (from Underperform) based on: a) channel checks driving upside to our estimates; and b) META’s strong labor productivity metrics,” Needham wrote in a note, highlighting the company’s globally scaled, software-only model that benefits from “closed loop attribution for advertisers” and requires no content payments. Despite the upgrade, Needham stopped short of a Buy rating, warning that “META’s strategy diffusion wastes capital and adds risks.” The firm remains concerned about persistent margin and free cash flow pressures, noting that Meta’s stock-based compensation per full-time employee (SBC/FTE) is the highest among its peers. “Consensus estimates understate total labor costs and dilution,” analysts said. Needham also flagged regulatory risks and pointed to a crowded trade: “About 90% of the 50 analysts that cover META have a Buy or Strong Buy rating, which implies (to us) that META shares are over-owned.” The firm raised its full-year 2025 forecasts to 14% revenue growth and 6% EPS growth, up from earlier estimates. “META will over-deliver on our prior rev and margin estimates for 2Q25 and FY25,” the note stated. Still, analysts warned that “labor productivity improvement is slowing,” with rising headcount and higher employee costs acting as potential headwinds for further share price appreciation. Related articles Meta Platforms upgraded but Needham warns of capital waste and rising risks Morgan Stanley sees improved outlook for TSMC’s U.S. investment under new policy MS initiates coverage on AI Biotechs, flags key pipeline catalysts",2025-07-04
https://finance.yahoo.com/news/magnificent-seven-makeover-stocks-earned-085500954.html,"With Apple and Tesla struggling, perhaps it's time for a shake-up in the ""Magnificent Seven"" lineup. Palantir's revenue growth is accelerating, and its long-term opportunities appear to be huge. Broadcom reports strong growth in its networking portfolio, and it has an even bigger opportunity in custom AI chips. 10 stocks we like better than Palantir Technologies › The so-called ""Magnificent Seven"" stocks --Alphabet,Apple(NASDAQ: AAPL),Amazon,Meta Platforms,Microsoft,Nvidia, andTesla(NASDAQ: TSLA)-- provided much of the driving force behind the market's strong growth over the past several years. However, these tech stocks are seeing some uneven performance in 2025, and it may be time for this informal group -- first labeled by aBank of Americaanalyst in 2023 -- to get a makeover. I think it's time to give Apple and Tesla the boot and replace them withPalantir Technologies(NASDAQ: PLTR)andBroadcom(NASDAQ: AVGO). Here's why it should be out with the old and in with the new when it comes to the Magnificent Seven. Both Apple and Tesla stocks have had poor starts to 2025. The reason for Apple's share price underperformance is that its revenue growth has slowed to a glacial pace, and investors' hopes for a strong smartphone upgrade cycle driven by itsartificial intelligence (AI)offerings have faded. In fact, Apple's revenue of $391 billion for its fiscal 2024 (which ended in September) was less than the $394.3 billion it generated in its fiscal 2022. Through the first half of fiscal 2025, its revenue is up 4% year over year, but that is still a slow pace. A big part of Apple's issues is that it has not innovated. It has had no new breakout products in the last several years, and the company is behind in AI. While Apple dedicated a lot of resources to AI, it has thus far very little to show for it. Apple Intelligence's introduction did little to convince most users to upgrade their iPhones, and it hasn't even launched Apple Intelligence in China yet. The Chinese market, meanwhile, remains a consistent weak spot for the company. Apple is losing smartphone market share to local rivals, and its revenue in the country has been on the decline. Xiaomi and Huawei have both launched smartphones to compete at the high-end of the market, and Apple has been forced to roll out sales incentives in China to try to spur demand. For a company that built its reputation not just as a technology company but as a luxury brand, that's a difficult path to go down. Apple has been generating solid growth in its high-margin services business, but it faces a unique risk: It is possible that regulators and the courts may force Alphabet to end the deal that makes Google the default search engine on Apple devices. Alphabet currently pays Apple an estimated $20 billion a year for that privileged positioning, which is pure profit for Apple. Any change to the deal could result in a big hit to its earnings. Tesla, meanwhile, has its own problems. Itselectronic vehicle (EV)deliveries and revenue fell last year, and it looks like things are getting worse. In the first quarter, its EV deliveries sank by 13% while auto revenue dropped by 20%. In the second quarter, EV deliveries fell an even worse 14%. Increased competition (especially in China) and the rising popularity of hybrid vehicles have played roles in Tesla's struggles, but some of the blame can also be pinned directly on the actions of CEO Elon Musk. Musk's support and financial backing of President Donald Trump and various Republicans in recent elections, and the subsequent leadership role he took on at Trump's ""Department of Government Efficiency"" (DOGE) have angered a lot of current and potential vehicle buyers. The constituencies Musk angered have political views that generally make them more likely to buy EVs than the demographic that supports President Trump. Musk's political actions led to protests and boycotts of Tesla in the U.S. and in several European countries where Tesla operates. More recently, Musk has become an outspoken critic of Trump's legislative efforts, irritating the president and his supporters. Musk even went so far as to threaten to start his own political party, potentially alienating all sides of the political spectrum. Not surprisingly, Tesla sales have been sinking in the U.S., Europe, and China. Tesla bulls are still betting that its robotaxi business will be a game changer. However, the recent pilot launch of the service in its first city has been met with skepticism and some well-documented potential safety issues. Meanwhile, Alphabet's Waymo has established the early lead in the driverless ride-sharing race. In my opinion, two of the best stocks to replace Apple and Tesla in the Magnificent Seven would be Palantir and Broadcom, both of which have had strong starts to the year. Palantir has become a growth machine. In Q1, it recorded its seventh straight quarter of accelerating revenue growth, with its top line climbing by 39% year over year. The greatest contributor to that growth was its largest customer -- the U.S. government. Revenue from federal government sources grew by 45% year over year (or about $116 million) to $373 million. Its sales to U.S. commercial customers grew at an even faster rate, but from a smaller base. They climbed by 71% (or about $106 million) to $255 million. Meanwhile, it recently landed a significant contract with NATO, showing that international defense has the potential to become a third meaningful growth pillar for the company. Much of Palantir's success stems from its Artificial Intelligence Platform (AIP), which it is positioning to be an AI operating system for its clients. AIP gathers data from various sources and puts it into an ""ontology"" that connects digital assets with their real-world counterparts, allowing organizations to use AI to help solve their real-world problems. The platform is already being used by clients across a wide swath of industries to manage an array of different issues, and the opportunities for it appear to be huge. Meanwhile, Palantir recently introduced new agentic AI tools that not only suggest actions but can also carry them out. Broadcom has also been seeing solid growth. Last quarter, its revenue climbed 20% year over year while adjusted earnings per share (EPS) soared 44%. The growth is being led by its AI networking portfolio, where it provides networking components such as Ethernet switches, optical receivers, DSPs, and NICs -- critical hardware for moving huge amounts of data across AI clusters. Last quarter, its AI networking revenue surged 70%. However, Broadcom's biggest opportunity lies in custom AI chips. The company helps customers design application-specific integrated circuits (ASICs) that can be used to power AI workloads. After its success in helping Alphabet design its tensor processing units (TPUs), Broadcom has been gaining more and more new custom AI chip customers. Three of its hyperscaler customers are well advanced in the ASIC design process, and Broadcom has stated that each one of them intends to deploy fabrics of 1 million AI chip clusters in 2027, representing a total serviceable opportunity for the company of $60 billion to $90 billion in that year alone. That's a huge opportunity, and it doesn't even include Broadcom's newer customers, such as Apple. Given the growth opportunities ahead for both Broadcom and Palantir, they look today like better candidates than Apple or Tesla to form a new and improved Magnificent Seven. Before you buy stock in Palantir Technologies, consider this: TheMotley Fool Stock Advisoranalyst team just identified what they believe are the10 best stocksfor investors to buy now… and Palantir Technologies wasn’t one of them. The 10 stocks that made the cut could produce monster returns in the coming years. Consider whenNetflixmade this list on December 17, 2004... if you invested $1,000 at the time of our recommendation,you’d have $697,627!*Or whenNvidiamade this list on April 15, 2005... if you invested $1,000 at the time of our recommendation,you’d have $939,655!* Now, it’s worth notingStock Advisor’s total average return is1,045% — a market-crushing outperformance compared to178%for the S&P 500. Don’t miss out on the latest top 10 list, available when you joinStock Advisor. See the 10 stocks » *Stock Advisor returns as of June 30, 2025 John Mackey, former CEO of Whole Foods Market, an Amazon subsidiary, is a member of The Motley Fool's board of directors. Bank of America is an advertising partner of Motley Fool Money. Suzanne Frey, an executive at Alphabet, is a member of The Motley Fool's board of directors. Randi Zuckerberg, a former director of market development and spokeswoman for Facebook and sister to Meta Platforms CEO Mark Zuckerberg, is a member of The Motley Fool's board of directors.Geoffrey Seilerhas positions in Alphabet. The Motley Fool has positions in and recommends Alphabet, Amazon, Apple, Bank of America, Meta Platforms, Microsoft, Nvidia, Palantir Technologies, and Tesla. The Motley Fool recommends Broadcom and recommends the following options: long January 2026 $395 calls on Microsoft and short January 2026 $405 calls on Microsoft. The Motley Fool has adisclosure policy. ""Magnificent Seven"" Makeover: Which Stocks Have Earned a Spot, and Which Haven't?was originally published by The Motley Fool",2025-07-04
https://finance.yahoo.com/news/5-top-tech-stocks-buy-083400807.html,"Nvidia and AMD look to be big AI infrastructure beneficiaries. Meta and Pinterest are using AI to improve user engagement and their ad campaigns. Alphabet's collection of strong businesses should not be overlooked. 10 stocks we like better than Nvidia › Technology stocks have helped lead the market higher over the past several years, and with the advent ofartificial intelligence (AI), they look poised to continue to lead the way. Let's look at five top tech stocks catching the AI tailwinds that you might want to consider buying right now. When it comes to AI infrastructure,Nvidia(NASDAQ: NVDA)has been the clear-cut winner. Itsgraphics processing units (GPUs)are being used to power the massive AI data center build-out, and its growth is showing no signs of slowing down. Last quarter, the chipmaker grew its revenue by 69% year over year to $44.1 billion, with data center sales soaring 73% to $39.1 billion. That's about a ninefold jump in data center revenue from just two years ago. Nvidia took a huge 92% share in the GPU space in the first quarter. Its wide moat stems from its CUDA software platform. It pushed the software into universities and research labs early on, which made it the platform developers used in order to learn to program GPUs. And it has since built tools and libraries on top of CUDA to help speed up development and improve the performance of its chips. As AI infrastructure spending continues to ramp up, Nvidia is sure to benefit. Another company benefiting from the AI infrastructure build-out isAdvanced Micro Devices(NASDAQ: AMD). Last quarter, its revenue jumped 36% year over year, while its data center business grew 57%. While a distant No. 2 to Nvidia in GPUs, the company has established itself as a leader in central processing units (CPUs) for data centers. However, its biggest opportunity is with AI inference. It's less technically demanding than AI model training, which reduces some of CUDA's advantages. This has allowed AMD to carve a niche in inference, a market that is eventually expected to become much larger than the one for training. As the leader in the CPU market and with a big inference opportunity, AMD is in a strong position. It doesn't need to take a huge share away from Nvidia; just small gains in market share will go a long way. Meta Platforms(NASDAQ: META)is becoming a digital marketing AI leader. It has created a proprietary AI model called Llama to boost user engagement. At the same time, advertisers are using it to create more effective ad campaigns and to better target users. This is leading to more ad inventory and higher ad prices. In the most recent quarter, Meta's ad impressions rose 5%, while ad prices jumped 10%. Its biggest opportunity, though, is in bringing ads to its newer platforms. It just began serving ads on its popular messaging platform WhatsApp, which has over 3 billion users. It has built out the user base of its newest social media source, Threads, to 350 million monthly users, and is just gradually introducing ads to the platform. Meta's leadership in digital advertising, combined with its AI investments and new platform expansion, sets it up for solid growth in the coming years. Despite some investor concerns over AI's potential to disrupt its search business,Alphabet(NASDAQ: GOOGL)(NASDAQ: GOOG)remains well-positioned. While search and AI continue to evolve, Google has two big advantages. The first is distribution: Its Android smartphone operating systems, Chrome browser, andApplerevenue-sharing agreement, make it the default search engine on most devices. And it has spent decades building out one of the most far-reaching ad networks in the world, which allows it to serve everything from global brands to local service providers. At the same time, the company has become a cloud computing leader. Last quarter, Google Cloud saw its revenue jump 28%, as customers used its platform to build their own AI models and tools. Investors also shouldn't ignore the company's custom AI chips, called Tensor Processing Units (TPUs). Google Cloud is using them internally to improve performance and save costs, but news recently surfaced that OpenAI is renting the chips to help power ChatGPT. The company's robotaxi business, Waymo, also has strong long-term potential. It has seen strong early demand and is now expanding into other U.S. cities. With AI, cloud computing, and robotaxis, Alphabet remains a cutting-edge technology company. Pinterest(NYSE: PINS)has leaned heavily into AI and making its platform more shoppable in recent years. These investments are starting to pay off with user engagement rising and average revenue per user (ARPU) increasing. A partnership with Google, meanwhile, has helped Pinterest better monetize its huge international user base. Now, the company is looking toward its new ad tool, Performance+, to help drive growth. It combines AI and automation to let advertisers quickly create and manage ad campaigns, while automatically handling ad targeting and bidding. With its platform improvements and Performance+, Pinterest could see strong future growth. Before you buy stock in Nvidia, consider this: TheMotley Fool Stock Advisoranalyst team just identified what they believe are the10 best stocksfor investors to buy now… and Nvidia wasn’t one of them. The 10 stocks that made the cut could produce monster returns in the coming years. Consider whenNetflixmade this list on December 17, 2004... if you invested $1,000 at the time of our recommendation,you’d have $697,627!*Or whenNvidiamade this list on April 15, 2005... if you invested $1,000 at the time of our recommendation,you’d have $939,655!* Now, it’s worth notingStock Advisor’s total average return is1,045% — a market-crushing outperformance compared to178%for the S&P 500. Don’t miss out on the latest top 10 list, available when you joinStock Advisor. See the 10 stocks » *Stock Advisor returns as of June 30, 2025 5 Top Tech Stocks to Buy Right Nowwas originally published by The Motley Fool",2025-07-04
https://finance.yahoo.com/news/explainer-eu-delay-enforcing-ai-083126225.html,"By Supantha Mukherjee STOCKHOLM (Reuters) -With less than a month to go before parts of the European Union's AI Act come into force, companies are calling for a pause in the provisions and getting support from some politicians. Groups representing big U.S. tech companies such as Google owner Alphabet and Facebook owner Meta, and European companies such as Mistral and ASML have urged the European Commission to delay the AI Act by years. The rules for general purpose AI (GPAI) models take effect on Aug. 2, a Commission spokesperson reiterated, adding that the powers for enforcing those rules start only on August 2 2026. WHAT IS THE AUGUST 2 DEADLINE? Under the landmark act that was passed a year earlier after intense debate between EU countries, its provisions would come into effect in a staggered manner over several years. Some important provisions, including rules for foundation models like those made by Google, Mistral andOpenAI, will be subject to transparency requirements such as drawing up technical documentation, complying with EU copyright law and providing detailed summaries about the content used for algorithm training. The companies will also need to test for bias, toxicity, and robustness before launching. AI models classed as posing a systemic risk and high-impact GPAI will have to conduct model evaluations, assess and mitigate risks, conduct adversarial testing, report to the European Commission on serious incidents and provide information on their energy efficiency. WHY DO COMPANIES WANT A PAUSE? For AI companies, the enforcement of the act means additional costs for compliance. And for ones that make AI models, the requirements are tougher. But companies are also unsure how to comply with the rules as there are no guidelines yet. The AI Code of Practice, a guidance document to help AI developers to comply with the act, missed its publication date of May 2. ""To address the uncertainty this situation is creating, we urge the Commission to propose a two-year 'clock-stop' on the AI Act before key obligations enter into force,"" said an open letter published on Thursday by a group of 45 European companies. It also called for simplification of the new rules. A Commission spokesperson said the European AI Board is discussing the timing to implement the Code of Practice, with the end of 2025 being considered. Another concern is that the act may stifle innovation, particularly in Europe where companies have smaller compliance teams than their U.S. counterparts. WILL IT BE POSTPONED? While the Commission is set for GPAI rules to come in force from next month, its plan to publish key guidance to help thousands of companies to comply with the AI rules by year end would mark a six-month delay from its May deadline. EU tech chief Henna Virkkunen had earlier promised to publish the AI Code of Practice before next month. Some political leaders, such as Swedish Prime Minister Ulf Kristersson, have also called the AI rules ""confusing"" and asked the EU to pause the act. ""A bold 'stop-the-clock' intervention is urgently needed to give AI developers and deployers legal certainty, as long as necessary standards remain unavailable or delayed,"" tech lobbying group CCIA Europe said. (Reporting by Supantha Mukherjee in Stockholm and Foo Yun Chee in Brussels. Editing by Mark Potter and Louise Heavens)",2025-07-04
https://finance.yahoo.com/news/former-openai-board-member-questions-061505930.html,"(Bloomberg) -- Meta Platforms Inc.’s lavish multimillion-dollar budget for recruiting top AI talent may not guarantee success, said Helen Toner, former OpenAI board member and director of strategy at Georgetown’s Center for Security and Emerging Technology. Most Read from Bloomberg NYC Commutes Resume After Midtown Bus Terminal Crash Chaos Struggling Downtowns Are Looking to Lure New Crowds Massachusetts to Follow NYC in Making Landlords Pay Broker Fees What Gothenburg Got Out of Congestion Pricing Foreign Buyers Swoop on Cape Town Homes, Pricing Out Locals The poaching of artificial intelligence researchers from the likes of OpenAI — with salaries in the tens of millions of dollars — and the debut of Meta’s new Superintelligence group comes after the Facebook operator developed a reputation for “having a dysfunctional team,” Toner said in an interview with Bloomberg TV. The practice of luring away high performers from each other’s AI labs has intensified among Silicon Valley companies since the launch of ChatGPT, she said. “The question is, can it turn around Meta’s fortunes and turn it into a real juggernaut?” Toner said. “It’ll be difficult, there’s a lot of organizational politics at play.” Meta’s troubles began compounding when China’s AI upstart DeepSeek came out of nowhere this year and put forward credible competition to Meta’s open source models. “The fact that DeepSeek was outshining them was really not a good look for the company,” according to Toner. Chief Executive Officer Mark Zuckerberg is now plowing financial resources in, but whether he’ll be able to change organizational dynamics and make progress fast enough to retain top engineers is an open question. “Can Meta convince them that they are moving fast enough?” Toner said. Toner, an influential voice in artificial intelligence, came into the limelight first as a board member of OpenAI and then for her vote to oust Sam Altman from the CEO post in late 2023. The Melbourne-educated academic departed from the board following Altman’s brief stepping down and restoration to the top job, and has since advanced her career in studying the AI race between the US and China. That race is now spilling across borders as the two superpowers vie for the business and collaboration of other countries, Toner said. US companies like OpenAI and Chinese players like Alibaba Group Holding Ltd., DeepSeek and Zhipu AI are making plays for international partnerships with governments and businesses. South Korea’s Kakao Corp. is integrating ChatGPT and other AI services into the country’s most used social media platform, while Alibaba is adding new data centers in Southeast Asia. China has a long history of working with other governments and is chipping away at the US tech monopoly globally, Toner said. “It’s certainly a strong showing they’re making,” she said. China’s models are widely available even if they are less technically sophisticated. They compete on the basis that they’re “cheaper, easier to use, and they help you adopt and customize.” Toner hasn’t interacted with Altman since their clash in the November 2023 OpenAI boardroom battle. “At some point, we’ll wind up at the same event, the AI world is pretty small,” she said. “I’m sure we’ll both be happy to shake each other’s hand.” Most Read from Bloomberg Businessweek SNAP Cuts in Big Tax Bill Will Hit a Lot of Trump Voters Too America’s Top Consumer-Sentiment Economist Is Worried How to Steal a House China’s Homegrown Jewelry Superstar Pistachios Are Everywhere Right Now, Not Just in Dubai Chocolate ©2025 Bloomberg L.P.",2025-07-04
https://finance.yahoo.com/news/china-deepseek-ramps-hiring-job-050043697.html,"(Bloomberg) -- DeepSeek is ramping up its recruitment on LinkedIn, suggesting the Chinese AI startup may be looking to lure talent from outside its homeland. Most Read from Bloomberg NYC Commutes Resume After Midtown Bus Terminal Crash Chaos Struggling Downtowns Are Looking to Lure New Crowds Massachusetts to Follow NYC in Making Landlords Pay Broker Fees What Gothenburg Got Out of Congestion Pricing Foreign Buyers Swoop on Cape Town Homes, Pricing Out Locals The Hangzhou-based company posted 10 positions on the Microsoft Corp.-owned jobs and networking platform over the last week, its first listings for several months. The jobs, posted in Mandarin along with their descriptions, included three roles focused on artificial general intelligence, or AGI. The positions are based in Beijing and Hangzhou. DeepSeek didn’t immediately respond to a request for comment. Similar jobs were posted earlier this year on popular Chinese recruitment sites. In 2021, LinkedIn shuttered a localized version of its platform in China, meaning many potential job candidates viewing the listings would be based outside of the country. DeepSeek’s rivals in the US like OpenAI and Meta Platforms Inc. have been racing to lure top AI talent in a quest to dominate what could be world-changing technology. Some are trimming their workforces to free up spending for data centers and other initiatives, or splashing out on huge salaries for the best engineers, sometimes poaching talent from competitors. --With assistance from Jessica Sui. Most Read from Bloomberg Businessweek SNAP Cuts in Big Tax Bill Will Hit a Lot of Trump Voters Too America’s Top Consumer-Sentiment Economist Is Worried How to Steal a House China’s Homegrown Jewelry Superstar Pistachios Are Everywhere Right Now, Not Just in Dubai Chocolate ©2025 Bloomberg L.P.",2025-07-04
https://finance.yahoo.com/news/meta-ai-climate-tool-raised-040024735.html,"Meta has been accused of using faulty data to train an artificial intelligence climate tool, with scientists claiming the Big Tech group",2025-07-04
